nombre,DNI,email,fecha_nacimiento
Elijah Thomas,38907687-V,johnrodriguez@yahoo.com,1983-07-26
Monica Fitzgerald,63973812-C,bakersusan@hotmail.com,1993-11-22
Katherine Gonzales,72402150-A,gregory77@gmail.com,1995-05-26
Brandon Hansen,67731496-A,caitlincantrell@hotmail.com,2018-07-31
Ian Mahoney,91792657-B,courtneyhunt@yahoo.com,1982-03-21
Christopher Warren,37318770-L,sally75@yahoo.com,2008-05-09
David Navarro,67810020-B,cheyenneball@gmail.com,1962-03-08
Charles Miller,58493174-F,bcox@gmail.com,1946-01-24
Helen Meyer,56016996-R,michael74@hotmail.com,1970-09-16
Angela Kim,33553331-D,jamesangela@yahoo.com,1939-06-27
Nathan Clayton,10289837-U,andersoncassandra@hotmail.com,1939-12-17
Devin Quinn,13374865-Q,russellrobinson@hotmail.com,1992-11-06
Robin Martinez,37575949-J,mathew07@hotmail.com,1949-09-20
Perry Nguyen,52889405-C,greynolds@yahoo.com,2021-12-02
Robert Johns,56797812-K,sweeneyzachary@gmail.com,1919-05-23
Suzanne Bryant,60608971-N,richardgutierrez@hotmail.com,1992-03-04
Angelica Myers PhD,71977209-W,karen63@gmail.com,1996-02-28
Keith Saunders,99394419-E,tara75@hotmail.com,2015-01-14
Jessica Perkins,72651328-B,michelle83@hotmail.com,1980-05-13
Jerry Jones,47405784-V,robertsshawn@hotmail.com,2013-03-31
Shane Lambert,78974322-F,timothyferrell@yahoo.com,1977-04-30
Anthony Lopez,15501697-S,xsummers@gmail.com,1940-04-02
Heather Mccarthy,12344926-F,timothy36@gmail.com,1921-04-29
Jason Ramirez,31656339-W,njohnson@yahoo.com,1977-07-13
Chad Huff,57246326-Y,cookthomas@yahoo.com,2011-04-16
Debra Mckinney,21511800-R,kenneth74@yahoo.com,1953-07-18
Sandra Hammond DDS,34603048-K,iking@hotmail.com,1946-02-26
Jesse Novak,16631584-C,irice@yahoo.com,1970-07-21
Mikayla Vaughn,52641408-X,jeffreysantiago@gmail.com,2004-07-30
Shane Jimenez,59011653-T,evan40@hotmail.com,1980-01-07
Richard Smith,42579688-D,emilyhenry@gmail.com,1912-10-24
Adam Lester,35953645-B,brenda21@gmail.com,1965-07-22
Sarah Wiley,10192375-T,cardenasleslie@gmail.com,1923-12-11
Ronald Bruce,57245832-C,rileyheather@gmail.com,1916-08-09
Stephanie Robinson,39349882-L,xtaylor@hotmail.com,1943-05-26
Jennifer Green,34500724-J,qcontreras@hotmail.com,1951-08-26
Sean Gomez,31242786-Y,tmoody@hotmail.com,1921-12-31
Nancy Moreno,71131743-I,rodriguezchristina@gmail.com,1930-03-06
Michael Pace,25412277-S,carpentercheryl@hotmail.com,1989-08-26
Brenda Shaw,62488323-F,griffinevan@yahoo.com,2001-02-13
Gerald Haynes,65948084-G,taraherman@yahoo.com,2005-07-06
Ryan Taylor,78888690-I,krivera@hotmail.com,1933-07-25
Elizabeth Sandoval,60861351-E,christopher92@yahoo.com,1984-11-30
Henry Salinas,48534194-P,sheila66@gmail.com,1955-11-19
Matthew Salazar,67923432-E,hmorales@yahoo.com,1991-05-27
Terry Gregory,92743115-S,nicholasfrederick@gmail.com,2000-11-01
Ryan Ray,21457938-H,dukefrancisco@gmail.com,1933-10-27
John Nguyen,19111070-P,woodsjoel@gmail.com,1921-12-14
Scott Johns,22467852-J,patriciasmith@hotmail.com,1969-04-06
Angel Lane,35536651-P,tina93@hotmail.com,2022-05-16
Timothy Hernandez MD,44842028-T,brenda46@gmail.com,2002-11-29
David Williams,54611230-A,raymond01@hotmail.com,1946-10-09
Sean Henry,86089640-I,dustinduncan@hotmail.com,1999-06-14
Robert Smith,37510337-D,dalewatson@gmail.com,2014-11-20
Shawn Brown,89506295-H,michaelclark@hotmail.com,1981-12-08
Stacy Rogers,12682095-A,randalldavid@gmail.com,1922-03-29
Carolyn Moody,66436796-Z,kimberlykirk@yahoo.com,1987-03-10
Deborah Valenzuela,92611752-M,gibbsnicole@hotmail.com,1971-10-30
Ricky Peck,54328588-E,jcalhoun@yahoo.com,1969-08-19
Tabitha Kemp,91375566-W,anna97@yahoo.com,2003-12-30
Karla Walter,66106941-E,hbrady@gmail.com,1927-12-01
Randy Gutierrez,34672047-A,zmorales@yahoo.com,1974-08-18
John Fitzgerald,60641266-G,cabreralauren@yahoo.com,1944-02-28
Eric Lam,25003826-A,sandovalmichelle@gmail.com,1922-05-23
Mariah King,47270889-X,katie68@hotmail.com,1996-04-12
Brooke Russell,46702747-N,joshua64@gmail.com,2017-05-06
Douglas Williams,79202442-F,dustinthompson@yahoo.com,1926-03-02
Megan Moreno,82976916-Y,curtisdavis@hotmail.com,1973-03-22
William Hernandez,50711827-I,wblake@yahoo.com,1963-05-09
Adam Hall,14819107-B,khall@gmail.com,1923-08-24
Chad Mcclure,46503345-A,lawrencejonathan@hotmail.com,2001-05-27
Robert Taylor,77001830-J,michael25@hotmail.com,2001-06-02
Joseph Lynch,74498936-I,mendozaanthony@hotmail.com,1911-07-02
Mark Vasquez,83830538-P,jfrank@hotmail.com,2022-12-14
Alec Cooper,58871987-U,kstone@yahoo.com,1910-12-31
Brianna Brooks,17577964-G,lkelley@yahoo.com,1991-11-02
Dawn Braun,76484964-J,sawyerkimberly@hotmail.com,2021-08-19
Spencer Jones,54993190-P,oreed@hotmail.com,2005-06-28
Leon Terrell,52645997-W,leetaylor@hotmail.com,1910-10-05
Darlene Woods,58904735-U,lori80@yahoo.com,2010-06-12
Randy Anderson,53579669-K,randysanchez@yahoo.com,1962-10-26
Jessica May,15348749-W,bakerandres@yahoo.com,2014-01-19
Mr. Adam Reese,10876741-I,tvalenzuela@hotmail.com,1990-11-01
Amy Wilson,70773889-X,jose86@gmail.com,1965-09-05
Karen Wilson,22310054-I,kgordon@gmail.com,1909-04-10
Kristen Henry,16256931-Q,sryan@hotmail.com,1939-01-18
Cynthia Young,66627036-H,gwilliams@gmail.com,1945-08-29
Alejandro Davis,73384326-E,youngjennifer@yahoo.com,2018-12-18
Stephanie Walker,29950109-I,zbrooks@yahoo.com,1950-04-04
Daniel Horne,91943248-M,uhurley@yahoo.com,1996-05-27
Melissa Castillo,27990929-A,lisawolf@yahoo.com,1961-03-07
Scott Jackson,23489304-Q,millerbrandon@yahoo.com,1910-08-27
Cynthia Fischer,25677846-C,garretthernandez@yahoo.com,1976-01-09
Todd Fleming,57275230-X,hgonzalez@hotmail.com,2013-08-13
Philip Miller,70739817-L,brownemily@gmail.com,1972-12-19
Brian Johnson,37448786-P,wardmichael@yahoo.com,2014-03-03
Jay Houston,10811437-U,brandonwilliams@gmail.com,1980-06-09
Amanda Hunt,92961120-J,alvarezrebecca@gmail.com,1971-05-08
Allison Sloan,24199569-E,megansmith@yahoo.com,1939-02-16
Jonathon Burns,86664535-F,kyliejones@yahoo.com,1930-06-12
Lisa Davis,48149209-I,valerie39@yahoo.com,2018-10-19
Willie Mckinney,76375029-W,howardhoward@gmail.com,1972-11-20
Sean Harrell,23266511-X,tonyaadams@hotmail.com,2012-12-23
Benjamin Garrett,51244694-I,kponce@gmail.com,1986-07-11
Sarah Ayala,45668984-B,tchang@gmail.com,1955-02-15
Cynthia Garza,38304749-Y,taylorrebecca@gmail.com,1970-04-17
Brianna Mathews,61938302-J,hsanchez@yahoo.com,2011-01-14
Ashley Bell,39699761-K,gloria95@hotmail.com,1974-05-20
Holly Turner,28666245-P,matthew28@yahoo.com,1956-01-27
Nancy Rose,30893342-B,dleon@gmail.com,1937-03-10
Melissa Nguyen DDS,50573156-N,goodmanwendy@hotmail.com,1925-07-01
Yolanda Harris,30868770-A,hwheeler@hotmail.com,1939-12-01
Laura Johnson,22331766-D,lisabarnes@yahoo.com,1941-08-27
Timothy Henderson,78930592-K,rileymichelle@gmail.com,1962-06-09
Amy Patterson,49482640-A,blewis@gmail.com,1988-08-18
Frank Baker,77236531-P,kelly93@yahoo.com,1949-03-23
Angela Boyd,80597148-A,kelly71@gmail.com,1960-11-19
Jennifer Myers,15053469-E,loganalexandra@yahoo.com,1973-08-05
Todd Ellis,89142811-Q,qward@hotmail.com,1909-10-11
Eric Booker,53048040-M,ljenkins@gmail.com,1950-11-27
Christine Mccormick,68195340-Q,melissa07@gmail.com,2008-08-15
Isabel Thomas,41541049-D,julie17@gmail.com,1986-05-24
Dr. Heather Carson,73664077-O,lisa95@hotmail.com,1921-06-05
Ryan Gould,90489650-D,jamesbishop@hotmail.com,2000-05-14
Pamela Lawson,14953534-A,adavis@gmail.com,1978-06-21
Beth Gardner,19534085-P,xfox@yahoo.com,1913-07-08
Nicole Walker,86371569-A,gonzalesjulie@yahoo.com,1953-01-18
Jenna Rhodes,26953675-Q,nlynch@gmail.com,1924-12-04
Tina Nicholson,68375763-A,david32@hotmail.com,1914-05-27
Michael Austin,95546042-A,jgrimes@hotmail.com,1913-10-13
David Boyer,78658465-H,hansonjames@yahoo.com,1957-03-28
Jennifer Hanson,78800496-A,stephensluis@gmail.com,1966-01-16
Tammie Miller,22428111-J,meredithtaylor@gmail.com,2003-12-21
Ashlee Moyer,56779383-A,zacharyhall@hotmail.com,1911-08-17
Peggy Little,98909228-U,fordmichael@hotmail.com,2004-02-06
Kathleen Bennett,51162300-C,beth70@hotmail.com,1939-08-09
Brandon Green,34202228-P,daniellesmith@yahoo.com,1992-11-08
Courtney Wilson,45949653-C,othomas@yahoo.com,1937-11-06
Maria Baker,71524387-G,rkennedy@gmail.com,1962-06-22
Mark Ball,89944526-X,kristenlopez@hotmail.com,2018-08-01
Luke Gomez,33816630-Z,fmartin@hotmail.com,1997-08-28
Jessica Thornton,73837045-N,reedlucas@yahoo.com,2004-03-11
Laura Walls,42429141-Z,njohnson@gmail.com,1990-11-02
Sara Riddle,63282002-O,whitakerjeffrey@gmail.com,1970-02-06
Kelsey Snow,58017287-H,laurasmith@yahoo.com,1958-03-25
Daisy Holland,95846144-E,vhuffman@hotmail.com,1910-11-15
Bill Jones,86035845-Z,michael06@gmail.com,2016-03-22
Jenny Sullivan,25358978-W,torrestaylor@gmail.com,2013-05-17
Jacqueline Walsh,16502305-I,cunninghammichael@yahoo.com,1933-08-09
Marcus Tapia,57089973-F,fstephens@hotmail.com,1952-11-06
Michael Jacobson,54066206-A,elizabethvelez@yahoo.com,2007-12-19
Scott Benjamin,39807359-O,dicksonwalter@hotmail.com,1909-05-18
Ryan Ortiz,87531044-S,joshuarobinson@gmail.com,1980-02-23
Tina Campbell,33262139-A,martinbrowning@gmail.com,2020-12-22
Justin Olson,86684348-X,gatesdonna@hotmail.com,1995-01-15
Kristi Sanchez,13677435-R,riversjerry@gmail.com,1966-06-03
Carlos Griffin,69172699-O,danatorres@hotmail.com,1964-10-31
Heather Campbell,82383498-G,hillrichard@yahoo.com,2011-03-11
Melissa Hill DDS,19286389-J,bakermichael@gmail.com,2011-05-20
Ian Rogers,21015802-S,keith02@yahoo.com,1951-11-19
April Moore,60339595-X,smithrebecca@hotmail.com,1914-05-26
Ricardo Medina,93413753-Z,barrettedward@gmail.com,1976-09-17
Matthew Price,82920919-H,virginiabryant@hotmail.com,1921-09-01
Kelsey Rivera,72136365-Y,samantha29@gmail.com,1971-04-21
Michael Pineda,60254775-F,carrietorres@hotmail.com,1930-12-07
Maxwell Johnson,84709850-O,morganwilliam@gmail.com,1976-02-08
Dr. Jamie Taylor,40227711-X,holmessierra@gmail.com,1927-01-25
Erin Johnson,95495472-J,daniel78@hotmail.com,1917-02-24
Brianna Walsh,96199499-G,alicegamble@gmail.com,1978-07-11
Karen Mitchell,33833622-U,guzmantodd@yahoo.com,1950-10-20
Matthew Baker,88153540-H,wangemily@yahoo.com,1938-11-28
Mr. Andrew Moore,87508730-S,tamara59@gmail.com,1996-02-21
Jodi Gomez,45031340-M,bjohnson@gmail.com,2010-09-02
Gary Morris,38334648-R,julie49@yahoo.com,2000-02-06
Katherine Benjamin,62077258-Q,dwarren@gmail.com,2001-03-30
Russell Cohen,70499061-J,monique37@yahoo.com,1940-03-07
Jennifer Ramirez,48005574-G,jenniferjenkins@gmail.com,1958-06-24
Kathleen Cohen,36286098-U,aimee39@yahoo.com,2011-05-20
Bridget Lopez,28388150-T,crystalcopeland@gmail.com,1945-09-04
Stephanie Gilbert,42229212-P,russomarissa@yahoo.com,1922-06-11
Tiffany Green,38214093-K,rsmith@yahoo.com,1961-05-07
Brittany Fisher,27079594-Z,timothyknight@hotmail.com,1943-03-26
Michael Leon,41364577-N,michaelmartin@yahoo.com,1916-02-17
Mindy Gay,76686578-U,dale15@yahoo.com,2012-09-08
Timothy Munoz,37574671-S,keithfreeman@gmail.com,1925-07-15
John Guzman,41592771-T,antonio15@hotmail.com,1967-09-07
Jodi Phillips,89993501-H,oholmes@gmail.com,1949-05-11
Allison Peters,48439202-U,rebecca83@yahoo.com,1982-05-19
Bonnie Griffith,32054075-S,adam45@yahoo.com,1911-08-03
Bonnie Thomas,14499222-S,carolinegrimes@hotmail.com,1950-09-07
Danielle Hartman,91607334-L,crivera@yahoo.com,1921-03-16
Michael Sanchez,26524998-M,davidcampbell@yahoo.com,1958-05-03
Derek Henderson,45339233-V,davidphillip@gmail.com,1989-08-14
Lori Pollard,63162485-L,jacobwarren@yahoo.com,1964-02-02
Steven Ferguson,98364842-Q,hutchinsonkimberly@hotmail.com,1997-04-27
Rachel Mitchell,46738243-T,kayla87@gmail.com,1925-12-16
Teresa Jimenez,99527558-G,lkelly@yahoo.com,1995-01-01
Brenda Jarvis,62250138-T,elizabethlewis@yahoo.com,1930-07-31
Daniel Cardenas,14439593-X,nicholskelly@yahoo.com,1922-03-31
Emily Green,86239021-H,stefaniewilson@gmail.com,1994-10-02
Chris Cummings,59824190-D,denisenguyen@yahoo.com,2016-09-10
Luis Thompson,98540429-L,panderson@gmail.com,1943-07-01
Curtis Williams,96075233-Q,roberthaynes@gmail.com,1997-07-02
Erik Tyler,50587945-T,nwashington@gmail.com,1970-12-15
Natasha Allen,28980567-D,matthew37@gmail.com,1918-05-16
Brittney Moore,21951912-S,lroberts@gmail.com,1962-03-28
Steven Willis,14166071-U,stephen19@gmail.com,1953-07-04
Danielle Martinez,69879597-Z,bortiz@yahoo.com,1922-07-08
Jacob Zavala,93384561-I,scott78@hotmail.com,1986-11-19
Andrea Anderson,54665807-F,wdeleon@hotmail.com,2007-06-14
Brian Martinez,61907384-O,brianthompson@hotmail.com,1995-10-10
William Williams,27757141-V,tatecynthia@gmail.com,1910-06-27
Stacy Johnson MD,66547866-R,elizabethgarrett@yahoo.com,1995-11-30
Erica Thomas,32040542-U,gchavez@yahoo.com,1988-05-14
Jacqueline Gonzalez,31434683-K,zachary09@yahoo.com,1908-08-14
Luis Butler,87566348-M,markroberts@yahoo.com,1918-02-05
Crystal Miller,95882460-N,stephanie19@yahoo.com,2004-10-09
Penny Smith,64431964-Z,cookraymond@hotmail.com,1983-09-28
Pamela Jordan,19965627-C,murraykristen@yahoo.com,1992-08-07
Angela Ellison,55363432-A,ypratt@yahoo.com,1979-11-30
Ryan Lee,34145617-J,wrodriguez@hotmail.com,1971-09-02
Elizabeth Bryan,21712291-T,dperez@hotmail.com,2005-12-30
Keith Rios,85302585-G,chasedavis@gmail.com,2006-11-13
Pam Ramirez,89105937-N,williamslori@gmail.com,1967-07-05
Kaylee Fox,90350420-O,joseph40@hotmail.com,1975-01-05
David Johnson,98182621-L,williamstina@gmail.com,1954-05-26
Stephanie Thompson DDS,87808504-R,victor31@hotmail.com,1989-08-06
Andrea Snyder,58997720-X,michelle28@hotmail.com,1932-02-16
Diana Sanchez,52352831-R,derek88@gmail.com,1948-09-26
Sarah Aguilar,12987482-Q,jennifer63@gmail.com,1988-09-23
David Camacho,37680453-R,harringtonallison@hotmail.com,1925-06-24
Patricia Meyer,28000149-H,cgibson@hotmail.com,2001-05-15
Louis Freeman,42564361-K,sharonmartinez@hotmail.com,1943-02-22
Guy Mills,25299967-N,pamela20@yahoo.com,1911-05-03
Melinda House,85114493-W,christopher13@gmail.com,1933-05-30
Margaret Vincent DVM,54484094-W,jamesbarry@hotmail.com,1973-09-18
Juan Spencer,15220272-E,kingjane@gmail.com,1974-11-22
Paul Johnson,48178043-S,tiffany64@gmail.com,1924-05-18
Kaitlin Sanford PhD,78933689-C,heather01@yahoo.com,1982-05-10
Cory Stewart,88900145-P,cookmichael@hotmail.com,1958-09-27
Stacey Jones,29468866-J,riverabrandon@gmail.com,1949-12-31
Matthew Marsh,29930052-G,ginasteele@hotmail.com,2015-09-10
Stephanie Morrison,71000700-P,uhill@hotmail.com,2018-08-18
Brian Stevenson,48512672-Z,ghunt@yahoo.com,1948-05-15
Isaiah Gonzalez,96052620-K,qgarcia@hotmail.com,1939-03-28
Raymond Wilkinson,76670922-Z,wilsonjulie@yahoo.com,2009-07-31
Barbara Jackson,85755583-Q,freemanjesse@gmail.com,1941-08-01
Megan Robertson,55396817-W,jamiejohnson@gmail.com,1915-05-01
Kevin Peterson,58056276-K,murraysusan@yahoo.com,1998-09-04
Shannon Williams,79420777-N,ashley45@gmail.com,1934-07-22
Erin Douglas,99579392-U,christopher77@yahoo.com,1987-02-20
Shannon Hill,32563157-F,tturner@hotmail.com,1954-11-19
Gerald Santana,59238359-R,jesus92@yahoo.com,1925-03-08
Erin Wood,69147748-X,pinedatiffany@gmail.com,2018-09-07
Trevor Ramirez,79964282-E,vaughnbrittany@hotmail.com,1914-12-02
Jennifer Wright DDS,42129161-H,andrewsmith@yahoo.com,2022-10-24
Cody Sherman,96380049-I,russell96@hotmail.com,1963-08-05
Jacob Leblanc,92545582-W,bryansanchez@yahoo.com,2008-04-09
Kristi Brown,26931614-Q,chris76@yahoo.com,1931-11-20
Nancy Wagner,55658758-R,dylan24@gmail.com,1939-08-06
Kathryn Scott,39983733-K,gibbsdarren@yahoo.com,1951-04-15
Phillip Kelly,62149790-T,dshields@gmail.com,1941-04-30
Matthew Blackburn,38740626-F,dustin36@yahoo.com,1931-11-10
Ashley Vasquez,83547224-G,zhawkins@yahoo.com,1957-05-06
Michael Ramirez,69856360-X,othompson@yahoo.com,1962-07-04
Eric Torres,81169362-T,hproctor@yahoo.com,1926-03-21
Jennifer Jones,72451873-W,otucker@yahoo.com,1953-10-21
Michael Garcia,59046282-J,lynchhunter@hotmail.com,1973-12-04
Taylor Ramos MD,95813034-A,matthewnewton@gmail.com,1989-12-13
Andrew Anderson,12175633-L,walltyler@yahoo.com,2004-04-29
Kelli Barber,65892234-X,amandadominguez@hotmail.com,2018-07-15
Stephen Sullivan,39230343-F,markgreen@hotmail.com,2020-10-01
Christina Mcguire,67992563-A,michaelpena@hotmail.com,1950-01-21
Tyler Ramos,49348103-H,bpotter@hotmail.com,1943-11-08
Joe Gilbert,87541350-R,jessepowell@hotmail.com,1986-04-18
Kristin Long,79796366-W,nfisher@gmail.com,1924-11-27
William Morton,62299823-N,allensuzanne@yahoo.com,2015-10-23
Shane Parker,22547414-J,gardnerchristine@hotmail.com,1931-05-27
David Green,25541565-R,matthewowens@gmail.com,1973-06-08
Patricia Jackson,36756614-E,stevenglass@yahoo.com,1980-10-10
Alejandro Rowland,17641228-Y,jzhang@yahoo.com,1956-08-21
Richard Walker,93234397-E,stephen79@yahoo.com,1990-08-18
Morgan Clark,68065613-V,rogerjohnson@gmail.com,1953-10-11
Crystal Jones,80280494-B,youngmarilyn@gmail.com,1998-12-29
Travis Schneider,21334698-Y,nmurray@gmail.com,2012-11-22
Kelly Brown,64001558-O,dawn60@yahoo.com,1980-02-17
Roger Moreno,76705921-Z,jacob71@gmail.com,2014-03-28
Lisa Arnold,17200963-F,xmcdaniel@yahoo.com,1911-12-27
Richard Espinoza,22264406-H,shepherdashley@gmail.com,1931-10-22
Grace Green,82944540-X,jennifergilbert@yahoo.com,1913-12-14
Julie Stout,80293448-F,aduncan@yahoo.com,1956-03-11
Keith Powell,80030088-Z,cynthiamurphy@yahoo.com,1986-04-24
Thomas Sanders,99009975-V,fgeorge@hotmail.com,1951-08-22
Kurt Cobb,58848721-G,heather95@gmail.com,1954-05-04
Mark Shea,46619700-U,jeffersoncarrie@hotmail.com,1961-06-07
Keith Johnson,70821410-Y,patricia26@yahoo.com,2019-04-03
Elizabeth Gonzalez,11694210-Y,ufoster@yahoo.com,2014-09-20
Joseph Stevens,13511796-J,wmcdonald@yahoo.com,1967-11-22
Sandy Taylor,52676584-B,ronaldnixon@yahoo.com,1985-11-15
Christie Chapman,86024277-M,wadedesiree@hotmail.com,1921-11-27
Stacey Hernandez,79011574-I,leah24@gmail.com,1936-03-06
Ryan Porter,90303881-E,danielalvarez@yahoo.com,1925-05-22
Robert Bolton,15502417-I,ymaldonado@gmail.com,2009-12-06
Justin Garcia,71749050-V,patrick05@yahoo.com,1943-10-21
Nicholas Baker,51641026-A,allisonstevenson@yahoo.com,2022-10-09
William Nielsen,40632381-X,kaylamontoya@hotmail.com,2007-08-30
Ashley Bennett,21283640-Y,nbrown@yahoo.com,1914-12-25
Lance Williams,81012648-V,alexiscooper@yahoo.com,1914-05-16
Katie Riley,90547159-W,allison24@gmail.com,1927-02-04
Michelle Bell,34819948-O,rthompson@gmail.com,1951-05-18
David Scott,84760787-S,stanley95@hotmail.com,2000-03-22
Brendan Bowen,65982091-J,randallcunningham@gmail.com,2004-07-11
Angela Pacheco,89291883-N,jennifer03@gmail.com,2013-05-12
Nathan Baker,37342853-Q,webbjessica@hotmail.com,1932-07-04
Emily Lowe,52087329-C,aprilgomez@yahoo.com,1916-11-03
Jamie Bryant,29686568-I,carneykevin@hotmail.com,2009-07-28
Michael Mcgee,80689506-M,vmitchell@hotmail.com,1983-12-21
Rachael Burton,81656542-X,taylorjennifer@hotmail.com,1975-12-26
Jennifer Walker,37585243-K,kellysusan@yahoo.com,1933-05-05
David Anderson,79082433-B,petersonstacy@gmail.com,1956-11-24
Julie Gonzales,32873778-A,robertpham@hotmail.com,1987-05-13
Timothy Cook,19520783-Y,rgreen@gmail.com,1931-06-05
Aaron Young,62176358-A,davidmiller@yahoo.com,1948-09-30
Mr. Sean French,60457947-L,anthonyriddle@hotmail.com,2008-06-02
Katrina Cherry,84602702-K,susan05@gmail.com,2020-12-23
Karl Scott,45553031-W,tinagriffin@hotmail.com,1955-02-12
Robert Hoffman,37546721-C,josephlane@hotmail.com,1947-03-11
Erik Evans,54958235-A,veronica41@yahoo.com,1954-09-12
Maria Williams,25579978-O,katiejones@yahoo.com,1950-06-19
Norman Roberts,89518301-S,carrie69@yahoo.com,1931-02-07
David Lee,53344025-Q,jonesbradley@gmail.com,1915-08-02
Angela Ellison,32841791-J,mknight@gmail.com,1986-12-27
Gregory Perez,57616999-L,zherrera@hotmail.com,1983-10-23
Derek Lewis,44957389-A,rhernandez@yahoo.com,1916-08-16
Christopher Horton,46906459-T,rogersmatthew@hotmail.com,1981-11-20
Kaitlyn Ramirez,15886678-I,nicholasfisher@hotmail.com,1985-02-10
Mark Jackson,80190199-H,castilloryan@hotmail.com,1968-07-19
Timothy Davidson,42931122-G,mhunt@gmail.com,2013-05-19
Larry Day,31473278-W,floresmegan@hotmail.com,1939-08-02
Lisa Ramos,41583699-H,samuelsimmons@gmail.com,1912-08-18
Glenn Williams,16976142-R,washingtonlori@yahoo.com,2020-05-28
Michael Liu,45501982-R,fperez@hotmail.com,1982-08-14
Larry Serrano,40421856-I,nicholastorres@yahoo.com,1949-04-19
Robert Schmitt,27243419-P,olsonkenneth@gmail.com,2008-01-03
Rachel Floyd,73969912-B,georgeshannon@gmail.com,1925-03-05
Stacy Boyer,34030802-X,ericball@hotmail.com,1974-04-16
Meredith Martinez,78055747-I,aphillips@yahoo.com,1955-04-30
Michele Mercado,71773110-L,owilcox@yahoo.com,2003-05-31
Mr. Zachary Cross,40891958-F,sherry00@gmail.com,1908-03-20
Frank Mccann,65947833-X,nicholas25@hotmail.com,1922-06-20
John Lewis,88964395-X,crystalrogers@gmail.com,1958-07-07
Sheri Weaver MD,44142945-K,dhines@hotmail.com,1993-05-06
Kenneth Bennett,29410226-K,smithpaul@gmail.com,1914-06-14
Jimmy Brown,44822154-I,adameverett@yahoo.com,1999-07-22
Drew Romero,73379133-N,xlowe@gmail.com,1963-11-16
Nicole Thomas,95459670-M,jordancarol@gmail.com,2006-09-27
Christy Lozano,81090534-B,jmyers@hotmail.com,1947-09-20
Maria Adams,51104237-C,susanodonnell@hotmail.com,1918-12-05
Terry Williams,88159334-P,cynthia40@yahoo.com,1995-09-19
Chad Wilson,40792350-V,barbaraperez@yahoo.com,1972-01-30
Briana Benson,18824783-X,brenda14@hotmail.com,1978-01-16
Jane Hooper,56507878-A,brandypark@gmail.com,1962-07-17
Karen Zamora,26039536-R,gonzalezshane@gmail.com,1985-01-17
Tina Tucker,50889144-N,umoore@gmail.com,2015-07-01
Brian Herring,20539423-N,zoecampbell@gmail.com,1990-02-25
Shawna Sanchez DDS,62366949-A,brent31@gmail.com,1941-08-07
Stacy Hill,38724330-F,trevorfitzpatrick@hotmail.com,1990-05-27
Kristin Harrington,41084311-U,mitchelltimothy@hotmail.com,1984-04-03
Lauren Turner,74800557-B,davidward@hotmail.com,2007-07-11
Sherry Carter,36658048-U,shannonharmon@gmail.com,2022-10-23
Cody Cameron,41712459-U,maureenbrooks@hotmail.com,1940-06-24
Jasmine Farmer,18033830-Y,james33@gmail.com,1978-06-21
Edward Smith,58974719-V,jessica52@hotmail.com,1917-08-28
Brandon Patton,15742615-C,abuchanan@gmail.com,1909-03-09
Shannon Mckinney,94737618-O,martinerica@hotmail.com,1946-09-29
Micheal Hampton,78643572-O,iwatson@hotmail.com,1933-01-24
Jamie Cortez,74442734-J,stephenssierra@yahoo.com,1922-04-30
Matthew Richardson,87828568-I,derekcraig@gmail.com,1926-10-11
Adam Odonnell,31303970-H,heather68@yahoo.com,1944-01-16
Michael Rice,22696150-T,lscott@gmail.com,2015-02-08
